setup	accuracy
Transfer	0.40170357751277685
Transfer	0.41630104623692205
Transfer	0.3700373260943332
Transfer	0.6739811912225705
Transfer	0.5221518987341772
Transfer	0.7172413793103448
Transfer	0.7379310344827587
Transfer	0.7310344827586207
Transfer	0.5655172413793104
Transfer	0.16551724137931034
Transfer	0.1793103448275862
Transfer	0.8896551724137931
