setup	accuracy
Transfer	0.4621212121212121
Transfer	0.9242424242424242
Transfer	0.8863636363636364
